<?xml version="1.0" encoding="UTF-8"?>
<!--Sample XML file generated by XMLSpy v2010 rel. 3 sp1 (http://www.altova.com)-->
<!DOCTYPE LIMES SYSTEM "limes.dtd">
<LIMES>
	<PREFIX>
		<NAMESPACE>http://www.w3.org/1999/02/22-rdf-syntax-ns#</NAMESPACE>
		<LABEL>rdf</LABEL>
	</PREFIX>
	<PREFIX>
		<NAMESPACE>http://www.w3.org/2000/01/rdf-schema#</NAMESPACE>
		<LABEL>rdfs</LABEL>
	</PREFIX>
	<PREFIX>
		<NAMESPACE>http://xmlns.com/foaf/0.1/</NAMESPACE>
		<LABEL>foaf</LABEL>
	</PREFIX>
	<PREFIX>
		<NAMESPACE>http://www.w3.org/2002/07/owl#</NAMESPACE>
		<LABEL>owl</LABEL>
	</PREFIX>
	<PREFIX>
		<NAMESPACE>http://www4.wiwiss.fu-berlin.de/drugbank/resource/drugbank/</NAMESPACE>
		<LABEL>drugbank</LABEL>
	</PREFIX>
	<PREFIX>
		<NAMESPACE>http://www4.wiwiss.fu-berlin.de/sider/resource/sider/</NAMESPACE>
		<LABEL>sider</LABEL>
	</PREFIX>
	<PREFIX>
		<NAMESPACE>http://dbpedia.org/ontology/</NAMESPACE>
		<LABEL>dbpedia</LABEL>
	</PREFIX>
	<PREFIX>
		<NAMESPACE>http://dbpedia.org/property/</NAMESPACE>
		<LABEL>dbpedia-p</LABEL>
	</PREFIX>
	<PREFIX>
		<NAMESPACE>http://purl.org/dc/terms/</NAMESPACE>
		<LABEL>dc</LABEL>
	</PREFIX>
	<PREFIX>
		<NAMESPACE>http://www4.wiwiss.fu-berlin.de/diseasome/resource/diseasome/</NAMESPACE>
		<LABEL>diseasome</LABEL>
	</PREFIX>	
	<SOURCE>
			<ID>sider</ID>
			<ENDPOINT>http://lgd.aksw.org:5678/sparql</ENDPOINT>
			<GRAPH>http://www.instancematching.org/oaei/di/drugbank/</GRAPH>
			<VAR>?x</VAR>
			<PAGESIZE>100</PAGESIZE>
			<RESTRICTION>?x rdf:type drugbank:drugs</RESTRICTION>
			<PROPERTY>drugbank:brandName</PROPERTY>
	</SOURCE>
	<TARGET>
		<ID>sider</ID>
		<ENDPOINT>http://lgd.aksw.org:5678/sparql</ENDPOINT>
		<GRAPH>http://www.instancematching.org/oaei/di/sider/</GRAPH>
		<VAR>?y</VAR>
		<PAGESIZE>100</PAGESIZE>
		<RESTRICTION>?y rdf:type sider:drugs</RESTRICTION>
		<PROPERTY>sider:drugName</PROPERTY>
	</TARGET>
	<METRIC>Trigram(x.drugbank:brandName,y.sider:drugName)</METRIC>
	<ACCEPTANCE>
		<THRESHOLD>1.0</THRESHOLD>
		<FILE>drugbank_sider_accepted.nt</FILE>
		<RELATION>owl:sameAs</RELATION>
	</ACCEPTANCE>
	<REVIEW>
		<THRESHOLD>0.99</THRESHOLD>
		<FILE>drugbank_sider_reviewme.nt</FILE>
		<RELATION>owl:sameAs</RELATION>
	</REVIEW>
	<EXECUTION>Simple</EXECUTION>
	<OUTPUT>TAB</OUTPUT>
</LIMES>
