<?xml version="1.0" encoding="utf-8" ?>
<Silk>
  <Prefixes>
    <Prefix id="rdf" namespace="http://www.w3.org/1999/02/22-rdf-syntax-ns#" />
    <Prefix id="rdfs" namespace="http://www.w3.org/2000/01/rdf-schema#" />
    <Prefix id="owl" namespace="http://www.w3.org/2002/07/owl#" />
    <Prefix id="dbpedia-owl" namespace="http://dbpedia.org/ontology/" />
    <Prefix id="dbpedia-prop" namespace="http://dbpedia.org/property/" />
  </Prefixes>

  <DataSources>
    <DataSource id="dbpedia" type="sparqlEndpoint">
      <Param name="endpointURI" value="http://dbpedia.aksw.org:8899/sparql" />
      <Param name="graph" value="http://dbpedia.org" />
      <Param name="retryCount" value="100" />
      <Param name="retryPause" value="1000" />
    </DataSource>

    <DataSource id="drugbank" type="sparqlEndpoint">
      <Param name="endpointURI" value="http://dbpedia.aksw.org:8899/sparql" />
    </DataSource>
  </DataSources>

  <Interlinks>
    <Interlink id="drugs">

      <LinkType>owl:sameAs</LinkType>

      <SourceDataset dataSource="dbpedia" var="a">
        <RestrictTo>
          ?a rdf:type dbpedia-owl:Town
        </RestrictTo>
      </SourceDataset>

      <TargetDataset dataSource="dbpedia" var="b">
              <RestrictTo>
                ?b rdf:type dbpedia-owl:Town
              </RestrictTo>
      </TargetDataset>

      <LinkCondition>
          <Aggregate type="max">
            <Compare metric="num"> 
                <Input path="?a/dbpedia-owl:populationTotal" />
                <Input path="?b/dbpedia-owl:populationTotal" />
		<Param name="maxDistance" value="48" />
                <Param name="minValue" value="0" /> 
                <Param name="maxValue" value="60000000" />
            </Compare>
          </Aggregate >
      </LinkCondition>

      <Filter threshold="0.5" />

      <Outputs>
        <Output maxConfidence="1" type="file" >
          <Param name="file" value="dbpedia_drugbank_drugs_verify_links.xml"/>
          <Param name="format" value="ntriples"/>
        </Output>
        <Output minConfidence="0" type="file">
          <Param name="file" value="dbpedia_drugbank_drugs_accepted_links.xml"/>
          <Param name="format" value="ntriples"/>
        </Output>
      </Outputs>
    </Interlink>
  </Interlinks>
</Silk>