<?xml version="1.0" encoding="UTF-8"?>
<!--Sample XML file generated by XMLSpy v2010 rel. 3 sp1 (http://www.altova.com)-->
<!DOCTYPE LIMES SYSTEM "limes.dtd">
<LIMES>
	<PREFIX>
		<NAMESPACE>http://dbpedia.org/ontology/</NAMESPACE>
		<LABEL>dbpedia-o</LABEL>
	</PREFIX>
	<PREFIX>
		<NAMESPACE>http://dbpedia.org/property/</NAMESPACE>
		<LABEL>dbpedia-p</LABEL>
	</PREFIX>
		<PREFIX>
		<NAMESPACE>http://dbpedia.org/resource/Category/</NAMESPACE>
		<LABEL>dbpedia-r</LABEL>
	</PREFIX>
	<PREFIX>
		<NAMESPACE>http://www.w3.org/1999/02/22-rdf-syntax-ns#</NAMESPACE>
		<LABEL>rdf</LABEL>
	</PREFIX>
	<PREFIX>
		<NAMESPACE>http://www.w3.org/2000/01/rdf-schema#</NAMESPACE>
		<LABEL>rdfs</LABEL>
	</PREFIX>	
	<PREFIX>
		<NAMESPACE>http://www.w3.org/2002/07/owl#</NAMESPACE>
		<LABEL>owl</LABEL>
	</PREFIX>		
	<PREFIX>
		<NAMESPACE>http://purl.org/dc/terms</NAMESPACE>
		<LABEL>dc-terms</LABEL>
	</PREFIX>	
	<PREFIX>
		<NAMESPACE>http://www.geonames.org/ontology#</NAMESPACE>
		<LABEL>geonames</LABEL>
	</PREFIX>
	<PREFIX>
		<NAMESPACE>http://www.w3.org/2003/01/geo/wgs84_pos#</NAMESPACE>
		<LABEL>wgs84</LABEL>
	</PREFIX>
	<PREFIX>
		<NAMESPACE>http://linkedgeodata.org/property/</NAMESPACE>
		<LABEL>lgdp</LABEL>
	</PREFIX>
	<PREFIX>
		<NAMESPACE>http://linkedgeodata.org/ontology/</NAMESPACE>
		<LABEL>lgdo</LABEL>
	</PREFIX>
	<SOURCE>
		<ID>MA</ID>
		<ENDPOINT>D:/Work/Java/LIMES/Examples/BioMedLinks/ma.n3</ENDPOINT>
		<VAR>?x</VAR>
		<PAGESIZE>-1</PAGESIZE>
		<RESTRICTION> </RESTRICTION>
		<PROPERTY>rdfs:label AS lowercase</PROPERTY>
		<TYPE>N3</TYPE>
	</SOURCE>	
	<TARGET>
		<ID>FMA</ID>
		<ENDPOINT>D:/Work/Java/LIMES/Examples/BioMedLinks/fma.n3</ENDPOINT>
		<VAR>?y</VAR>
		<PAGESIZE>-1</PAGESIZE>
		<RESTRICTION> </RESTRICTION>
		<PROPERTY>rdfs:label AS lowercase</PROPERTY>
		<TYPE>N3</TYPE>
	</TARGET>
	<METRIC>trigrams(x.rdfs:label, y.rdfs:label)</METRIC>
	<ACCEPTANCE>
		<THRESHOLD>0.3</THRESHOLD>
		<FILE>D:/Work/Java/LIMES/Examples/BioMedLinks/fma2ma_accepted.nt</FILE>
		<RELATION>owl:sameAs</RELATION>
	</ACCEPTANCE>
	<REVIEW>
		<THRESHOLD>0.3</THRESHOLD>
		<FILE>D:/Work/Java/LIMES/Examples/BioMedLinks/fma2ma_review.nt</FILE>
		<RELATION>owl:sameAs</RELATION>
	</REVIEW>		<EXECUTION>Simple</EXECUTION>
		<GRANULARITY>16</GRANULARITY>
	<OUTPUT>TAB</OUTPUT>	
</LIMES>
