<?xml version="1.0" encoding="UTF-8"?>
<!--Sample XML file generated by XMLSpy v2010 rel. 3 sp1 (http://www.altova.com)-->
<!DOCTYPE LIMES SYSTEM "limes.dtd">
<LIMES>
	<PREFIX>
			<NAMESPACE>http://dbpedia.org/ontology/</NAMESPACE>
			<LABEL>dbpedia-o</LABEL>
	</PREFIX>
	<PREFIX>
		<NAMESPACE>http://www.w3.org/1999/02/22-rdf-syntax-ns#</NAMESPACE>
		<LABEL>rdf</LABEL>
	</PREFIX>
	<PREFIX>
		<NAMESPACE>http://www.w3.org/2000/01/rdf-schema#</NAMESPACE>
		<LABEL>rdfs</LABEL>
	</PREFIX>
	<PREFIX>
		<NAMESPACE>http://www.w3.org/2002/07/owl#</NAMESPACE>
		<LABEL>owl</LABEL>
	</PREFIX>
	<PREFIX>
		<NAMESPACE>http://data.linkedct.org/resource/linkedct/</NAMESPACE>
		<LABEL>linkedct</LABEL>
	</PREFIX>
	<PREFIX>
		<NAMESPACE>http://purl.org/dc/elements/1.1/</NAMESPACE>
		<LABEL>dc</LABEL>
	</PREFIX>
	<PREFIX>
		<NAMESPACE>http://linkedgeodata.org/ontology/</NAMESPACE>
		<LABEL>lgdp</LABEL>
	</PREFIX>
	<SOURCE>
		<ID>dbpedia</ID>
		<ENDPOINT>http://dbpedia.org/sparql</ENDPOINT>
		<VAR>?x</VAR>
		<PAGESIZE>2000</PAGESIZE>
		<RESTRICTION>?x rdf:type dbpedia-o:Settlement</RESTRICTION>
		<PROPERTY>rdfs:label</PROPERTY>
	</SOURCE>
	<TARGET>
		<ID>linkedgeodata</ID>
		<ENDPOINT>http://linkedgeodata.org/sparql</ENDPOINT>
		<VAR>?y</VAR>
		<PAGESIZE>2000</PAGESIZE>
		<RESTRICTION>{ ?y lgd:place "city" } UNION { ?y lgd:place "town" }</RESTRICTION>
		<PROPERTY>rdfs:label</PROPERTY>
	</TARGET>
	<METRIC>qgrams(x.rdfs:label, y.rdfs:label)</METRIC>
	<ACCEPTANCE>
		<THRESHOLD>0.95</THRESHOLD>
		<FILE>lgd_db_cities_accepted.nt</FILE>
		<RELATION>owl:sameAs</RELATION>
	</ACCEPTANCE>
	<REVIEW>
		<THRESHOLD>0.9</THRESHOLD>
		<FILE>lgd_db_cities_toreview.nt</FILE>
		<RELATION>owl:sameAs</RELATION>
	</REVIEW>
</LIMES>
