<?xml version="1.0" encoding="UTF-8"?>
<!--Sample XML file generated by XMLSpy v2010 rel. 3 sp1 (http://www.altova.com)-->
<!DOCTYPE LIMES SYSTEM "limes.dtd">
<LIMES>
	<PREFIX>
		<NAMESPACE>http://www.w3.org/1999/02/22-rdf-syntax-ns#</NAMESPACE>
		<LABEL>rdf</LABEL>
	</PREFIX>
	<PREFIX>
		<NAMESPACE>http://www.w3.org/2000/01/rdf-schema#</NAMESPACE>
		<LABEL>rdfs</LABEL>
	</PREFIX>
	<PREFIX>
		<NAMESPACE>http://www.w3.org/2002/07/owl#</NAMESPACE>
		<LABEL>owl</LABEL>
	</PREFIX>
	<PREFIX>
		<NAMESPACE>http://data.linkedmdb.org/resource/movie/</NAMESPACE>
		<LABEL>movie</LABEL>
	</PREFIX>
	<PREFIX>
		<NAMESPACE>http://dbpedia.org/ontology/</NAMESPACE>
		<LABEL>dbpedia</LABEL>
	</PREFIX>
	<PREFIX>
		<NAMESPACE>http://purl.org/dc/terms/</NAMESPACE>
		<LABEL>dc</LABEL>
	</PREFIX>
	<PREFIX> 
	  	<NAMESPACE>http://data.linkedmdb.org/resource/movie/</NAMESPACE>
	  	<LABEL>movie</LABEL>
	</PREFIX>
	
	<SOURCE>
		<ID>dbpedia</ID>
		<ENDPOINT>http://dbpedia.org/sparql</ENDPOINT>
		<VAR>?x</VAR>
		<PAGESIZE>1000</PAGESIZE>
		<RESTRICTION>?x rdf:type dbpedia:Film</RESTRICTION>
		<PROPERTY>dbpedia:director/rdfs:label</PROPERTY>
	</SOURCE>
	
	<TARGET>
		<ID>LinkedMDB</ID>
		<ENDPOINT>http://data.linkedmdb.org/sparql</ENDPOINT>
		<VAR>?y</VAR>
		<PAGESIZE>1000</PAGESIZE>
		<RESTRICTION>?y rdf:type movie:director</RESTRICTION>
		<PROPERTY>rdfs:label</PROPERTY>
	</TARGET>

	<METRIC>levenshtein(x.dbpedia:director/rdfs:label, y.rdfs:label)</METRIC>

	<ACCEPTANCE>
                <THRESHOLD>0.98</THRESHOLD>
		<FILE>accepted.txt</FILE>
		<RELATION>dbpedia:director</RELATION>
	</ACCEPTANCE>
	<REVIEW>
                <THRESHOLD>0.95</THRESHOLD>
		<FILE>reviewme.txt</FILE>
		<RELATION>dbpedia:director</RELATION>
	</REVIEW>
</LIMES>
