<?xml version="1.0" encoding="UTF-8"?>
<!--Sample XML file generated by XMLSpy v2010 rel. 3 sp1 (http://www.altova.com)-->
<!DOCTYPE LIMES SYSTEM "limes.dtd">
<LIMES>
	<PREFIX>
		<NAMESPACE>http://www.w3.org/1999/02/22-rdf-syntax-ns#</NAMESPACE>
		<LABEL>rdf</LABEL>
	</PREFIX>
	<PREFIX>
		<NAMESPACE>http://www.w3.org/2000/01/rdf-schema#</NAMESPACE>
		<LABEL>rdfs</LABEL>
	</PREFIX>
	<PREFIX>
		<NAMESPACE>http://xmlns.com/foaf/0.1/</NAMESPACE>
		<LABEL>foaf</LABEL>
	</PREFIX>	
	<PREFIX>
		<NAMESPACE>http://www.w3.org/2002/07/owl#</NAMESPACE>
		<LABEL>owl</LABEL>
	</PREFIX>
	<PREFIX>
		<NAMESPACE>http://www4.wiwiss.fu-berlin.de/diseasome/resource/diseasome/</NAMESPACE>
		<LABEL>diseasome</LABEL>
	</PREFIX>
	<PREFIX>
		<NAMESPACE>http://dbpedia.org/ontology/</NAMESPACE>
		<LABEL>dbpedia</LABEL>
	</PREFIX>
		<PREFIX>
			<NAMESPACE>http://dbpedia.org/property/</NAMESPACE>
			<LABEL>dbpedia-p</LABEL>
	</PREFIX>
	<PREFIX>
		<NAMESPACE>http://purl.org/dc/terms/</NAMESPACE>
		<LABEL>dc</LABEL>
	</PREFIX>
	<SOURCE>
		<ID>diseasome</ID>
		<ENDPOINT>http://lgd.aksw.org:5678/sparql</ENDPOINT>
		<GRAPH>http://www.instancematching.org/oaei/di/diseasome/</GRAPH>
		<VAR>?y</VAR>
		<PAGESIZE>-1</PAGESIZE>
		<RESTRICTION>?y rdf:type diseasome:diseases</RESTRICTION>
		<PROPERTY>rdfs:label</PROPERTY>
	</SOURCE>

	<TARGET>
		<ID>dbpedia</ID>
		<ENDPOINT>http://dbpedia.aksw.org:8899/sparql</ENDPOINT>
		<VAR>?x</VAR>
		<PAGESIZE>1000</PAGESIZE>
		<RESTRICTION>?x rdf:type dbpedia:Disease</RESTRICTION>
		<PROPERTY>rdfs:label</PROPERTY>
		<PROPERTY>dbpedia-p:name</PROPERTY>
	</TARGET>
	

	<METRIC>ADD(0.5*Trigram(x.rdfs:label,y.rdfs:label), 0.5*Trigram(y.rdfs:label,x.dbpedia-p:name))</METRIC>

	<ACCEPTANCE>
		<THRESHOLD>0.9</THRESHOLD>
		<FILE>diseasome_accepted.nt</FILE>
		<RELATION>owl:sameAs</RELATION>
	</ACCEPTANCE>
	<REVIEW>
		<THRESHOLD>0.6</THRESHOLD>
		<FILE>diseasome_reviewme.nt</FILE>
		<RELATION>owl:sameAs</RELATION>
	</REVIEW>
	<EXECUTION>Simple</EXECUTION>
	<OUTPUT>TAB</OUTPUT>
</LIMES>
