<?xml version="1.0" encoding="UTF-8"?>
<!--Sample XML file generated by XMLSpy v2010 rel. 3 sp1 (http://www.altova.com)-->
<!DOCTYPE LIMES SYSTEM "limes.dtd">
<LIMES>
	<PREFIX>
		<NAMESPACE>http://dbpedia.org/ontology/</NAMESPACE>
		<LABEL>dbpedia-o</LABEL>
	</PREFIX>
	<PREFIX>
		<NAMESPACE>http://dbpedia.org/property/</NAMESPACE>
		<LABEL>dbpedia-p</LABEL>
	</PREFIX>
		<PREFIX>
		<NAMESPACE>http://dbpedia.org/resource/Category/</NAMESPACE>
		<LABEL>dbpedia-r</LABEL>
	</PREFIX>
	<PREFIX>
		<NAMESPACE>http://www.w3.org/1999/02/22-rdf-syntax-ns#</NAMESPACE>
		<LABEL>rdf</LABEL>
	</PREFIX>
	<PREFIX>
		<NAMESPACE>http://www.w3.org/2000/01/rdf-schema#</NAMESPACE>
		<LABEL>rdfs</LABEL>
	</PREFIX>	
	<PREFIX>
		<NAMESPACE>http://www.w3.org/2002/07/owl#</NAMESPACE>
		<LABEL>owl</LABEL>
	</PREFIX>		
	<PREFIX>
		<NAMESPACE>http://purl.org/dc/terms</NAMESPACE>
		<LABEL>dc-terms</LABEL>
	</PREFIX>	
	<SOURCE>
		<ID>bodypart</ID>
		<ENDPOINT>D:/Work/Data/Muscles/bodypart_icf.csv</ENDPOINT>
		<VAR>?x</VAR>
		<PAGESIZE>-1</PAGESIZE>
		<RESTRICTION></RESTRICTION>
		<PROPERTY>dbpedia_functions AS lowercase</PROPERTY>
		<TYPE>CSV</TYPE>
	</SOURCE>
	<TARGET>
		<ID>icf</ID>
		<ENDPOINT>D:/Work/Data/Muscles/icfENall.csv</ENDPOINT>
		<VAR>?y</VAR>
		<PAGESIZE>-1</PAGESIZE>
		<RESTRICTION></RESTRICTION>				
		<PROPERTY>description AS lowercase</PROPERTY>
		<TYPE>CSV</TYPE>
	</TARGET>
	<METRIC>OR(jaccard(x.dbpedia_functions,y.description)|0.1, trigram(x.dbpedia_functions,y.description)|0.1)</METRIC>
	<ACCEPTANCE>
		<THRESHOLD>0.7</THRESHOLD>
		<FILE>jaccard_trigram_hufo-icf-accepted.nt</FILE>
		<RELATION>owl:sameAs</RELATION>
	</ACCEPTANCE>
	<REVIEW>
		<THRESHOLD>0.1</THRESHOLD>
		<FILE>jaccard_trigram_hufo-icf-review.nt</FILE>
		<RELATION>owl:sameAs</RELATION>
	</REVIEW>
 	<EXECUTION>Simple</EXECUTION>
	<GRANULARITY>1</GRANULARITY>
	<OUTPUT>TAB</OUTPUT>	
	
</LIMES>
