<?xml version="1.0" encoding="UTF-8"?>
<!--Sample XML file generated by XMLSpy v2010 rel. 3 sp1 (http://www.altova.com)-->
<!DOCTYPE LIMES SYSTEM "limes.dtd">
<LIMES>
	<PREFIX>
		<NAMESPACE>http://www.w3.org/2002/07/owl#</NAMESPACE>
		<LABEL>owl</LABEL>
	</PREFIX>		
	<SOURCE>
		<ID>PHEN</ID>
		<ENDPOINT>D:/Work/Data/robvectors.txt</ENDPOINT>
		<VAR>?x</VAR>
		<PAGESIZE>-1</PAGESIZE>
		<RESTRICTION> </RESTRICTION>
		<PROPERTY>vector</PROPERTY>	
		<TYPE>vectors</TYPE>
	</SOURCE>
	<TARGET>
		<ID>PHEN</ID>
		<ENDPOINT>D:/Work/Data/robvectors.txt</ENDPOINT>
		<VAR>?x</VAR>
		<PAGESIZE>-1</PAGESIZE>
		<RESTRICTION> </RESTRICTION>
		<PROPERTY>vector</PROPERTY>	
		<TYPE>vectors</TYPE>
	</TARGET>
	<METRIC>simgic(a.vector, b.vector)</METRIC>
	<ACCEPTANCE>
		<THRESHOLD>1</THRESHOLD>
		<FILE>D:/Work/Data/phenAccepted.nt</FILE>
		<RELATION>owl:sameAs</RELATION>
	</ACCEPTANCE>
	<REVIEW>
		<THRESHOLD>0.9</THRESHOLD>
		<FILE>D:/Work/Data/phenReview.nt</FILE>
		<RELATION>owl:sameAs</RELATION>
	</REVIEW>
</LIMES>
