<?xml version="1.0" encoding="UTF-8"?>
<!--Sample XML file generated by XMLSpy v2010 rel. 3 sp1 (http://www.altova.com)-->
<!DOCTYPE LIMES SYSTEM "limes.dtd">
<LIMES>
	<PREFIX>
		<NAMESPACE>http://dbpedia.org/ontology/</NAMESPACE>
		<LABEL>dbpedia-o</LABEL>
	</PREFIX>
	<PREFIX>
		<NAMESPACE>http://dbpedia.org/property/</NAMESPACE>
		<LABEL>dbpedia-p</LABEL>
	</PREFIX>
		<PREFIX>
		<NAMESPACE>http://dbpedia.org/resource/</NAMESPACE>
		<LABEL>dbpedia-r</LABEL>
	</PREFIX>
	<PREFIX>
		<NAMESPACE>http://www.w3.org/1999/02/22-rdf-syntax-ns#</NAMESPACE>
		<LABEL>rdf</LABEL>
	</PREFIX>
	<PREFIX>
		<NAMESPACE>http://www.w3.org/2000/01/rdf-schema#</NAMESPACE>
		<LABEL>rdfs</LABEL>
	</PREFIX>	
	<PREFIX>
		<NAMESPACE>http://www.w3.org/2002/07/owl#</NAMESPACE>
		<LABEL>owl</LABEL>
	</PREFIX>		
	<SOURCE>
		<ID>dbpedia</ID>
		<ENDPOINT>http://dbpedia.org/sparql</ENDPOINT>
		<VAR>?x</VAR>
		<PAGESIZE>1000</PAGESIZE>
		<RESTRICTION>?x rdf:type dbpedia-o:City</RESTRICTION>
		<PROPERTY>rdfs:label</PROPERTY>
	</SOURCE>
	<TARGET>
		<ID>dbpedia</ID>
		<ENDPOINT>http://dbpedia.org/sparql</ENDPOINT>
		<VAR>?y</VAR>
		<PAGESIZE>1000</PAGESIZE>
		<RESTRICTION>?y rdf:type dbpedia-o:City</RESTRICTION>
		<PROPERTY>rdfs:label</PROPERTY>
	</TARGET>
	<METRIC>trigrams(x.rdfs:label, y.rdfs:label)</METRIC>
	<ACCEPTANCE>
		<THRESHOLD>1</THRESHOLD>
		<FILE>similarcities_accepted.txt</FILE>
		<RELATION>owl:sameAs</RELATION>
	</ACCEPTANCE>
	<REVIEW>
		<THRESHOLD>0.7</THRESHOLD>
		<FILE>similarcities_toreview.txt</FILE>
		<RELATION>owl:sameAs</RELATION>
	</REVIEW>
		<EXECUTION>Simple</EXECUTION>
	<OUTPUT>N3</OUTPUT>
</LIMES>
