<?xml version="1.0" encoding="UTF-8"?>
<!DOCTYPE LIMES SYSTEM "limes.dtd">
<LIMES><PREFIX><NAMESPACE>http://www4.wiwiss.fu-berlin.de/sider/resource/sider/</NAMESPACE><LABEL>sider</LABEL></PREFIX><PREFIX><NAMESPACE>http://www4.wiwiss.fu-berlin.de/drugbank/resource/drugbank/</NAMESPACE><LABEL>drugbank</LABEL></PREFIX><PREFIX><NAMESPACE>http://www4.wiwiss.fu-berlin.de/drugbank/vocab/resource/class/</NAMESPACE><LABEL>prefix2</LABEL></PREFIX><PREFIX><NAMESPACE>http://www.w3.org/2000/01/rdf-schema#</NAMESPACE><LABEL>rdfs</LABEL></PREFIX><PREFIX><NAMESPACE>http://www.w3.org/1999/02/22-rdf-syntax-ns#</NAMESPACE><LABEL>rdf</LABEL></PREFIX><PREFIX><NAMESPACE>http://www.w3.org/2002/07/owl#</NAMESPACE><LABEL>owl</LABEL></PREFIX>

<SOURCE>
<ID>source</ID>
<ENDPOINT>http://lgd.aksw.org:5678/sparql</ENDPOINT>
<GRAPH>http://www.instancematching.org/oaei/di/sider/</GRAPH>
<VAR>?src</VAR>
<PAGESIZE>1000</PAGESIZE>
<RESTRICTION>?src rdf:type sider:drugs</RESTRICTION>
<PROPERTY>sider:siderdrugid</PROPERTY>
</SOURCE>

<TARGET>
<ID>target</ID>
<ENDPOINT>http://lgd.aksw.org:5678/sparql</ENDPOINT>
<GRAPH>http://www.instancematching.org/oaei/di/drugbank/</GRAPH>
<VAR>?dest</VAR>
<PAGESIZE>1000</PAGESIZE>
<RESTRICTION>?dest rdf:type drugbank:drugs</RESTRICTION>
<PROPERTY>drugbank:limsdrugid</PROPERTY>
</TARGET>

<METRIC>trigrams(src.sider:siderdrugid, dest.drugbank:limsdrugid)</METRIC>
<ACCEPTANCE><THRESHOLD>1</THRESHOLD>
<FILE>test1.nt</FILE><RELATION>owl:sameAs</RELATION></ACCEPTANCE>
<REVIEW><THRESHOLD>1</THRESHOLD><FILE>test2.nt</FILE><RELATION>owl:sameAs</RELATION></REVIEW>
<EXECUTION>Linear</EXECUTION>
<OUTPUT>N3</OUTPUT></LIMES>