<?xml version="1.0" encoding="UTF-8" standalone="no"?><Silk>
<Prefixes>
<Prefix id="rdf" namespace="http://www.w3.org/1999/02/22-rdf-syntax-ns#"/>
<Prefix id="owl" namespace="http://www.w3.org/2002/07/owl#"/>
<Prefix id="dbpedia-owl" namespace="http://dbpedia.org/ontology/"/>
<Prefix id="rdfs" namespace="http://www.w3.org/2000/01/rdf-schema#"/>
<Prefix id="bbc-wildlife" namespace="http://purl.org/ontology/wo/"/>
</Prefixes>
	<DataSources>
		<DataSource id="dbpedia" type="sparqlEndpoint">
			<Param name="endpointURI" value="http://live.dbpedia.org/sparql/"/>
			<Param name="retryCount" value="3"/>
			<Param name="retryPause" value="1000"/>
		</DataSource>
		<DataSource id="BBCwildlife" type="sparqlEndpoint">
        	   	<Param name="endpointURI" value="http://api.talis.com/stores/bbc-wildlife/services/sparql"/>
        	   	<Param name="retryCount" value="3"/>
           		<Param name="retryPause" value="1000"/>
         	</DataSource>
       </DataSources>
       <Interlinks>
         	<Interlink id="BBCwildlife">
           		<LinkType>owl:sameAs</LinkType>
           		<SourceDataset dataSource="dbpedia" var="a">
             			<RestrictTo>?a rdf:type dbpedia-owl:Species</RestrictTo>
           		</SourceDataset>
           		<TargetDataset dataSource="BBCwildlife" var="b">
           		  	<RestrictTo>?b rdf:type bbc-wildlife:Species</RestrictTo>
           		</TargetDataset>
          		<LinkCondition>
      				<Aggregate required="true" type="max" weight="1">
               			<Compare metric="q-Grams">
                 			<TransformInput function="lowerCase">
                 	  			<Input path="?a/rdfs:label"/>
                 			</TransformInput>
                 			<TransformInput function="lowerCase">
                  				<Input path="?b/rdfs:label"/>
                 			</TransformInput>
               			</Compare>
        			</Aggregate>     
      			</LinkCondition>
           		<Filter threshold="0.90"/>
           		<Outputs> 
       				<Output minConfidence="0.90" type="file">
                         		<Param name="file" value="BBCwildlife_links_accepted.nt"/>
                         		<Param name="format" value="ntriples"/>
                     		</Output>
                     		<Output maxConfidence="0.95" type="file">
                         		<Param name="file" value="BBCwildlife_links_verify.nt"/>
                         		<Param name="format" value="alignment"/>
                     		</Output>
     			</Outputs>
         	</Interlink>
       </Interlinks>
    </Silk>