<?xml version="1.0" encoding="utf-8" ?>
<Silk>
  <Prefixes>
    <Prefix id="rdfs" namespace="http://www.w3.org/2000/01/rdf-schema#" />
    <Prefix id="dbpedia" namespace="http://dbpedia.org/ontology/" />
    <Prefix id="dbpedia-owl" namespace="http://dbpedia.org/ontology/" />
    <Prefix id="umbel-sc" namespace="http://umbel.org/umbel/sc/" />    	    		
    <Prefix id="linkedgeodata" namespace="http://linkedgeodata.org/triplify/" />
    <Prefix id="lgdp" namespace="http://linkedgeodata.org/property/" />
    <Prefix id="lgdo" namespace="http://linkedgeodata.org/ontology/" />
    <Prefix id="owl" namespace="http://www.w3.org/2002/07/owl#" />
    <Prefix id="geo" namespace="http://www.w3.org/2003/01/geo/wgs84_pos#" />
    <Prefix id="foaf" namespace="http://xmlns.com/foaf/0.1/" />    
    <Prefix id="wgs84" namespace="http://www.w3.org/2003/01/geo/wgs84_pos#" />
   <Prefix id="geonames" namespace="http://www.geonames.org/ontology#" />
   <Prefix id="xsd" namespace="http://www.w3.org/2001/XMLSchema#" />
  </Prefixes>

 <DataSources>
    <DataSource id="geonames" type="sparqlEndpoint">
      <Param name="endpointURI" value="http://lgd.aksw.org:8900/sparql" />
      <Param name="graph" value="http://geonames.org" />
      <Param name="retryCount" value="100" />
      <Param name="retryPause" value="10000" />            
    </DataSource>
    <DataSource id="linkedgeodata" type="sparqlEndpoint">
      <Param name="endpointURI" value="http://linkedgeodata.org/sparql/" />
      <Param name="graph" value="http://linkedgeodata.org" />
      <Param name="retryCount" value="100" />
      <Param name="retryPause" value="10000" />      
    </DataSource>
  </DataSources>

<Blocking blocks="100"/>

  <Interlinks>
    <Interlink id="city">
      <LinkType>owl:sameAs</LinkType>

      <SourceDataset dataSource="geonames" var="a">
        <RestrictTo>
	?a geonames:featureCode "PPL^^xsd:double". ?a wgs84:lat ?lat. ?a wgs84:long ?long.
        </RestrictTo>
      </SourceDataset>

      <TargetDataset dataSource="linkedgeodata" var="b">
        <RestrictTo>
          ?b a lgdo:Place.  ?b wgs84:lat ?lat. ?b wgs84:long ?long.
        </RestrictTo>
      </TargetDataset>     

 <LinkCondition>
 <Aggregate type="min">
   <Aggregate type="max">
   <Compare metric="qgrams" >
    <Input path="?a/geonames:alternateName" />
    <Input path="?b/rdfs:label" />
    <Param name="q" value="3"/>
   </Compare>
   <Compare metric="qgrams" >
    <Input path="?a/geonames:name" />
    <Input path="?b/rdfs:label" />
    <Param name="q" value="3"/>
   </Compare>
   </Aggregate>
  <Compare metric="num">
  <Input path="?a/dbpedia-owl:populationTotal" />
  <Input path="?b/lgdo:population" />
  <Param name="maxDistance" value="11111"/>
  <Param name="minValue" value="0" /> 
  <Param name="maxValue" value="60000000" />
 </Compare>-->
</Aggregate>
</LinkCondition>

      <Filter threshold="0.9" />

      <Outputs>
        <Output type="file" minConfidence="0.95">
          <Param name="file" value="geonames/city/links_accepted.nt" />
          <Param name="format" value="ntriples" />
        </Output>
        <Output type="file" maxConfidence="0.95">
          <Param name="file" value="geonames/city/links_verify.nt" />
          <Param name="format" value="ntriples" />
        </Output>
      </Outputs>
    </Interlink>
  </Interlinks>

</Silk>
