<?xml version="1.0" encoding="UTF-8"?>
<!--Sample XML file generated by XMLSpy v2010 rel. 3 sp1 (http://www.altova.com)-->
<!DOCTYPE LIMES SYSTEM "limes.dtd">
<LIMES>
	<PREFIX>
		<NAMESPACE>http://dbpedia.org/ontology/</NAMESPACE>
		<LABEL>dbpedia-o</LABEL>
	</PREFIX>
	<PREFIX>
		<NAMESPACE>http://dbpedia.org/property/</NAMESPACE>
		<LABEL>dbpedia-p</LABEL>
	</PREFIX>
		<PREFIX>
		<NAMESPACE>http://dbpedia.org/resource/Category/</NAMESPACE>
		<LABEL>dbpedia-r</LABEL>
	</PREFIX>
	<PREFIX>
		<NAMESPACE>http://www.w3.org/1999/02/22-rdf-syntax-ns#</NAMESPACE>
		<LABEL>rdf</LABEL>
	</PREFIX>
	<PREFIX>
		<NAMESPACE>http://www.w3.org/2000/01/rdf-schema#</NAMESPACE>
		<LABEL>rdfs</LABEL>
	</PREFIX>	
	<PREFIX>
		<NAMESPACE>http://www.w3.org/2002/07/owl#</NAMESPACE>
		<LABEL>owl</LABEL>
	</PREFIX>		
	<PREFIX>
		<NAMESPACE>http://purl.org/dc/terms</NAMESPACE>
		<LABEL>dc-terms</LABEL>
	</PREFIX>	
	<PREFIX>
		<NAMESPACE>http://www.geonames.org/ontology#</NAMESPACE>
		<LABEL>geonames</LABEL>
	</PREFIX>
	<PREFIX>
		<NAMESPACE>http://www.w3.org/2003/01/geo/wgs84_pos#</NAMESPACE>
		<LABEL>wgs84</LABEL>
	</PREFIX>
	<PREFIX>
		<NAMESPACE>http://linkedgeodata.org/property/</NAMESPACE>
		<LABEL>lgdp</LABEL>
	</PREFIX>
	<PREFIX>
		<NAMESPACE>http://linkedgeodata.org/ontology/</NAMESPACE>
		<LABEL>lgdo</LABEL>
	</PREFIX>
	<SOURCE>
		<ID>geonames</ID>
		<ENDPOINT> http://dbpedia.aksw.org:8899/sparql</ENDPOINT>
		<GRAPH>http://dbpedia.org</GRAPH>
		<VAR>?x</VAR>
		<PAGESIZE>1000</PAGESIZE>
		<RESTRICTION>?x rdf:type dbpedia-o:Town</RESTRICTION>		
		<PROPERTY>dbpedia-o:populationTotal</PROPERTY>
		<PROPERTY>rdfs:label</PROPERTY>
	</SOURCE>
	<TARGET>
		<ID>lgd</ID>
		<ENDPOINT>http://linkedgeodata.org/sparql/</ENDPOINT>
		<VAR>?y</VAR>
		<PAGESIZE>1000</PAGESIZE>
		<RESTRICTION>{?y rdf:type lgdo:Town} UNION {?y rdf:type lgdo:City}</RESTRICTION>		
		<PROPERTY>lgdo:population</PROPERTY>
		<PROPERTY>rdfs:label</PROPERTY>
	</TARGET>
	<METRIC>AND(euclidean(x.dbpedia-o:populationTotal,y.lgdo:population)|0.0001, trigrams(x.rdfs:label, y.rdfs:label)|0.7)</METRIC>	
	<ACCEPTANCE>
		<THRESHOLD>1</THRESHOLD>
		<FILE>lgd_dbpedia_accepted.nt</FILE>
		<RELATION>owl:sameAs</RELATION>
	</ACCEPTANCE>
	<REVIEW>
		<THRESHOLD>0</THRESHOLD>
		<FILE>lgd_dbpedia_review.nt</FILE>
		<RELATION>owl:sameAs</RELATION>
	</REVIEW>
		<EXECUTION>Simple</EXECUTION>
		<GRANULARITY>16</GRANULARITY>
	<OUTPUT>TAB</OUTPUT>	
</LIMES>
