<?xml version="1.0" encoding="UTF-8"?>
<!--Sample XML file generated by XMLSpy v2010 rel. 3 sp1 (http://www.altova.com)-->
<!DOCTYPE LIMES SYSTEM "limes.dtd">
<LIMES>
	<PREFIX>
		<NAMESPACE>http://dbpedia.org/ontology/</NAMESPACE>
		<LABEL>dbpedia-o</LABEL>
	</PREFIX>
	<PREFIX>
		<NAMESPACE>http://dbpedia.org/property/</NAMESPACE>
		<LABEL>dbpedia-p</LABEL>
	</PREFIX>
		<PREFIX>
		<NAMESPACE>http://dbpedia.org/resource/Category/</NAMESPACE>
		<LABEL>dbpedia-r</LABEL>
	</PREFIX>
	<PREFIX>
		<NAMESPACE>http://www.w3.org/1999/02/22-rdf-syntax-ns#</NAMESPACE>
		<LABEL>rdf</LABEL>
	</PREFIX>
	<PREFIX>
		<NAMESPACE>http://www.w3.org/2000/01/rdf-schema#</NAMESPACE>
		<LABEL>rdfs</LABEL>
	</PREFIX>	
	<PREFIX>
		<NAMESPACE>http://www.w3.org/2002/07/owl#</NAMESPACE>
		<LABEL>owl</LABEL>
	</PREFIX>		
	<PREFIX>
		<NAMESPACE>http://purl.org/dc/terms</NAMESPACE>
		<LABEL>dc-terms</LABEL>
	</PREFIX>	
	<PREFIX>
		<NAMESPACE>http://www.geonames.org/ontology#</NAMESPACE>
		<LABEL>geonames</LABEL>
	</PREFIX>
	<PREFIX>
		<NAMESPACE>http://purl.org/dc/elements/1.1/</NAMESPACE>
		<LABEL>dc</LABEL>
	</PREFIX>
	<PREFIX>
		<NAMESPACE>http://linkedgeodata.org/property/</NAMESPACE>
		<LABEL>lgdp</LABEL>
	</PREFIX>
	<PREFIX>
		<NAMESPACE>http://linkedgeodata.org/ontology/</NAMESPACE>
		<LABEL>lgdo</LABEL>
	</PREFIX>
	<PREFIX>
		<NAMESPACE>http://purl.org/ontology/mo/</NAMESPACE>
		<LABEL>mo</LABEL>
	</PREFIX>
	
	<SOURCE>
		<ID>magnatude</ID>
		<ENDPOINT>http://dbtune.org/magnatune/sparql/</ENDPOINT>
		<GRAPH></GRAPH>
		<VAR>?x</VAR>
		<PAGESIZE>1000</PAGESIZE>
		<RESTRICTION>?x rdf:type mo:Track</RESTRICTION>		
		<PROPERTY>mo:track_number</PROPERTY>
		<PROPERTY>dc:title</PROPERTY>
		<PROPERTY>^mo:track/dc:title</PROPERTY>
	</SOURCE>
	<TARGET>
		<ID>jamendo</ID>
		<ENDPOINT>http://dbtune.org/jamendo/sparql/</ENDPOINT>
		<VAR>?y</VAR>
		<PAGESIZE>1000</PAGESIZE>
		<RESTRICTION>?y rdf:type mo:Track</RESTRICTION>		
		<PROPERTY>mo:track_number</PROPERTY>
		<PROPERTY>dc:title</PROPERTY>
		<PROPERTY>^mo:track/dc:title</PROPERTY>
	</TARGET>
	<METRIC>OR(euclidean(x.geonames:population,y.lgdo:population)|0.0001, OR(trigrams(x.geonames:alternateName, y.rdfs:label)|0.9, trigrams(x.geonames:name, y.rdfs:label)|0.9)|0.9)</METRIC>	
	<ACCEPTANCE>
		<THRESHOLD>0.00001</THRESHOLD>
		<FILE>small_geonames_lgd_accepted.nt</FILE>
		<RELATION>owl:sameAs</RELATION>
	</ACCEPTANCE>
	<REVIEW>
		<THRESHOLD>0</THRESHOLD>
		<FILE>small_geonames_lgd_review.nt</FILE>
		<RELATION>owl:sameAs</RELATION>
	</REVIEW>
		<EXECUTION>Simple</EXECUTION>
		<GRANULARITY>16</GRANULARITY>
	<OUTPUT>TAB</OUTPUT>	
</LIMES>
