<?xml version="1.0" encoding="UTF-8"?>
<!--Sample XML file generated by XMLSpy v2010 rel. 3 sp1 (http://www.altova.com)-->
<!DOCTYPE LIMES SYSTEM "limes.dtd">
<LIMES>
	<PREFIX>
		<NAMESPACE>http://dbpedia.org/ontology/</NAMESPACE>
		<LABEL>dbpedia-o</LABEL>
	</PREFIX>
	<PREFIX>
		<NAMESPACE>http://dbpedia.org/ontology/Work</NAMESPACE>
		<LABEL>dbpedia-w</LABEL>
	</PREFIX>
		<PREFIX>
		<NAMESPACE>http://dbpedia.org/resource/Category/</NAMESPACE>
		<LABEL>dbpedia-r</LABEL>
	</PREFIX>
	<PREFIX>
		<NAMESPACE>http://www.w3.org/1999/02/22-rdf-syntax-ns#</NAMESPACE>
		<LABEL>rdf</LABEL>
	</PREFIX>
	<PREFIX>
		<NAMESPACE>http://www.w3.org/2000/01/rdf-schema#</NAMESPACE>
		<LABEL>rdfs</LABEL>
	</PREFIX>	
	<PREFIX>
		<NAMESPACE>http://www.w3.org/2002/07/owl#</NAMESPACE>
		<LABEL>owl</LABEL>
	</PREFIX>		
	<PREFIX>
		<NAMESPACE>http://purl.org/dc/terms</NAMESPACE>
		<LABEL>dc-terms</LABEL>
	</PREFIX>	
	<SOURCE>
		<ID>dbpedia</ID>
		<ENDPOINT>http://dbpedia.aksw.org:8899/sparql</ENDPOINT>
		<VAR>?x</VAR>
		<PAGESIZE>-1</PAGESIZE>
		<RESTRICTION>?x rdf:type dbpedia-o:Country</RESTRICTION>
		<PROPERTY>rdfs:label</PROPERTY>
	</SOURCE>	
	<TARGET>
		<ID>dbpedia</ID>
		<ENDPOINT>http://dbpedia.aksw.org:8899/sparql</ENDPOINT>
		<VAR>?y</VAR>
		<PAGESIZE>-1</PAGESIZE>
		<RESTRICTION>?y rdf:type dbpedia-o:Country</RESTRICTION>
		<PROPERTY>rdfs:label</PROPERTY>
	</TARGET>
	<METRIC>levenshtein(x.rdfs:label, y.rdfs:label)</METRIC>
	<ACCEPTANCE>
		<THRESHOLD>1.0</THRESHOLD>
		<FILE>simpop.nt</FILE>
		<RELATION>owl:sameAs</RELATION>
	</ACCEPTANCE>
	<REVIEW>
		<THRESHOLD>0.5</THRESHOLD>
		<FILE>simpop_review.nt</FILE>
		<RELATION>owl:sameAs</RELATION>
	</REVIEW>
		<EXECUTION>Simple</EXECUTION>
	<GRANULARITY>16</GRANULARITY>
	<OUTPUT>TAB</OUTPUT>	
</LIMES>
