<?xml version="1.0" encoding="UTF-8"?>
<!--Sample XML file generated by XMLSpy v2010 rel. 3 sp1 (http://www.altova.com)-->
<!DOCTYPE LIMES SYSTEM "limes.dtd">
<LIMES>
	<PREFIX>
		<NAMESPACE>http://www.w3.org/1999/02/22-rdf-syntax-ns#</NAMESPACE>
		<LABEL>rdf</LABEL>
	</PREFIX>
	<PREFIX>
		<NAMESPACE>http://www.w3.org/2000/01/rdf-schema#</NAMESPACE>
		<LABEL>rdfs</LABEL>
	</PREFIX>
	<PREFIX>
		<NAMESPACE>http://www.w3.org/2002/07/owl#</NAMESPACE>
		<LABEL>owl</LABEL>
	</PREFIX>
	<PREFIX>
		<NAMESPACE>http://data.linkedct.org/resource/linkedct/</NAMESPACE>
		<LABEL>linkedct</LABEL>
	</PREFIX>
	<PREFIX>
		<NAMESPACE>http://purl.org/dc/elements/1.1/</NAMESPACE>
		<LABEL>dc</LABEL>
	</PREFIX>
	<PREFIX>
		<NAMESPACE>http://bio2rdf.org/ns/mesh#</NAMESPACE>
		<LABEL>meshr</LABEL>
	</PREFIX>
	<SOURCE>
		<ID>linkedct</ID>
		<ENDPOINT>http://data.linkedct.org/sparql</ENDPOINT>
		<VAR>?x</VAR>
		<PAGESIZE>5000</PAGESIZE>
		<RESTRICTION>?x rdf:type linkedct:location</RESTRICTION>
		<PROPERTY>linkedct:facility_address_country</PROPERTY>
	</SOURCE>
	<TARGET>
		<ID>mesh</ID>
		<ENDPOINT>http://mesh.bio2rdf.org/sparql</ENDPOINT>
		<VAR>?y</VAR>
		<PAGESIZE>5000</PAGESIZE>
		<RESTRICTION>?y rdf:type meshr:Concept</RESTRICTION>
		<PROPERTY>dc:title</PROPERTY>
	</TARGET>
	<METRIC>levenshtein(x.linkedct:facility_address_country, y.dc:title)</METRIC>
	<ACCEPTANCE>
		<THRESHOLD>0.9</THRESHOLD>
		<FILE>accepted.txt</FILE>
		<RELATION>owl:sameAs</RELATION>
	</ACCEPTANCE>
	<REVIEW>
		<THRESHOLD>0.8</THRESHOLD>
		<FILE>reviewme.txt</FILE>
		<RELATION>owl:sameAs</RELATION>
	</REVIEW>
</LIMES>
