<?xml version="1.0" encoding="UTF-8"?>
<!DOCTYPE html PUBLIC "-//W3C//DTD XHTML 1.0 Strict//EN" "http://www.w3.org/TR/xhtml1/DTD/xhtml1-strict.dtd">
<html xmlns="http://www.w3.org/1999/xhtml" xml:lang="en-US" lang="en-US">
<head>
<link rel="icon" href="/hgweb/latc/latc/static/hgicon.png" type="image/png" />
<meta name="robots" content="index, nofollow"/>
<link rel="stylesheet" href="/hgweb/latc/latc/static/style-gitweb.css" type="text/css" />

  <meta http-equiv="content-type" content="text/html; charset=utf-8" />
  <meta name="description" content="The world's largest development and download repository of Open Source code and applications" />
  <meta name="keywords" content="Open Source, Development, Developers, Projects, Downloads, OSTG, VA Software, SF.net, SourceForge" />
  <link rel="stylesheet" type="text/css" href="/hgweb/latc/latc/static/sf.css" media="screen" /> 

   <!-- BEGIN: AdSolution-Tag 4.2: Global-Code [PLACE IN HTML-HEAD-AREA!] -->
   <!-- DoubleClick Random Number -->
   <script language="JavaScript" type="text/javascript">
     dfp_ord=Math.random()*10000000000000000;
     dfp_tile = 1;
   </script>
   <!-- End DoubleClick Random Number -->

   <script type="text/javascript">
        var google_page_url = 'http://sourceforge.net/projects/[rootname]/';
        var sourceforge_project_name = '[rootname]';
        var sourceforge_project_description = '';
   </script>

   <!-- END: AdSolution-Tag 4.2: Global-Code -->
   <!-- End OSDN NavBar gid: -->
   <!-- after META tags -->
   <script type="text/javascript">
     var gaJsHost = (("https:" == document.location.protocol) ? "https://ssl." : "http://www.");
     document.write(unescape("%3Cscript src='" + gaJsHost + "google-analytics.com/ga.js' type='text/javascript'%3E%3C/script%3E");
   </script> 

 <div id="doc3" class="yui-t6 login">
   <div id="hd">
     <div class="yui-gf">
       <div class="yui-u first">
         <h1>
           <a href="http://sourceforge.net/" title="">
            SourceForge.net
           </a>
         </h1>
         <ul class="jump">
           <li>
            <a href="#content">Jump to main content</a>
           </li>
         </ul>
       </div>
       <div class="yui-u">
         <a href="http://sourceforge.net/community/">
           Community</a><a href="http://jobs.sourceforge.net">Jobs</a><a href="http://sourceforge.net/support" title="Get help and support on SourceForge.net">Help
         </a>
         <form action="http://sourceforge.net/search/" method="get" name="searchform">
           <input type="hidden" name="type_of_search" value="soft" />
           <input type="text" value="" name="words" tabindex="1" />
           <input type="submit" value="Search" tabindex="0" />
         </form>
       </div>
     </div>
   </div>
 </div>

 <div class="yui-b">
   <div id="fad83">
    <!-- DoubleClick Ad Tag -->                                
    <script type="text/javascript">
    <script type="text/javascript">
      //<![CDATA[
      document.write('<script src="http://ad.doubleclick.net/adj/ostg.sourceforge/;pg=;tile='+dfp_tile+';tpc=;ord='+dfp_ord+'?" type="text/javascript"><\/script>');
      dfp_tile++;
      //]]>                 
    </script>
    </script>
    <!-- End DoubleClick Ad Tag -->
   </div>
 </div>

<title>SourceForge: latc/latc: linksets/dbpedia-BBCwildLife-species/spec.xml@fada9f037d2d</title>
<link rel="alternate" type="application/atom+xml"
   href="/hgweb/latc/latc/atom-log" title="Atom feed for latc/latc"/>
<link rel="alternate" type="application/rss+xml"
   href="/hgweb/latc/latc/rss-log" title="RSS feed for latc/latc"/>
</head>
<body>

<div class="page_header">
<a href="http://mercurial.selenic.com/" title="Mercurial" style="float: right;">Mercurial</a><a href="/hgweb/latc/latc/summary">latc/latc</a> / file revision
</div>

<div class="page_nav">
<a href="/hgweb/latc/latc/summary">summary</a> |
<a href="/hgweb/latc/latc/shortlog">shortlog</a> |
<a href="/hgweb/latc/latc/log">changelog</a> |
<a href="/hgweb/latc/latc/graph">graph</a> |
<a href="/hgweb/latc/latc/tags">tags</a> |
<a href="/hgweb/latc/latc/branches">branches</a> |
<a href="/hgweb/latc/latc/file/fada9f037d2d/linksets/dbpedia-BBCwildLife-species/">files</a> |
<a href="/hgweb/latc/latc/rev/fada9f037d2d">changeset</a> |
file |
<a href="/hgweb/latc/latc/file/tip/linksets/dbpedia-BBCwildLife-species/spec.xml">latest</a> |
<a href="/hgweb/latc/latc/log/fada9f037d2d/linksets/dbpedia-BBCwildLife-species/spec.xml">revisions</a> |
<a href="/hgweb/latc/latc/annotate/fada9f037d2d/linksets/dbpedia-BBCwildLife-species/spec.xml">annotate</a> |
<a href="/hgweb/latc/latc/diff/fada9f037d2d/linksets/dbpedia-BBCwildLife-species/spec.xml">diff</a> |
<a href="/hgweb/latc/latc/raw-file/fada9f037d2d/linksets/dbpedia-BBCwildLife-species/spec.xml">raw</a><br/>
</div>

<div class="title">linksets/dbpedia-BBCwildLife-species/spec.xml</div>

<div class="title_text">
<table cellspacing="0">
<tr>
 <td>author</td>
 <td>&#117;&#108;&#114;&#105;&#99;&#104;&#115;&#115;&#111;&#110;</td></tr>
<tr>
 <td></td>
 <td>Wed Apr 13 12:28:22 2011 +0200 (3 weeks ago)</td></tr>

<tr>
 <td>changeset 101</td>
 <td style="font-family:monospace"><a class="list" href="/hgweb/latc/latc/rev/fada9f037d2d">fada9f037d2d</a></td></tr>

<tr>
<td>parent 86</td>
<td style="font-family:monospace">
<a class="list" href="/hgweb/latc/latc/file/e770eb28a8c5/linksets/dbpedia-BBCwildLife-species/spec.xml">
e770eb28a8c5
</a>
</td>
</tr>

<tr>
 <td>permissions</td>
 <td style="font-family:monospace">-rw-r--r--</td></tr>
</table>
</div>

<div class="page_path">
updated spec for cordis-dbpedia-projects
</div>

<div class="page_body">

<div style="font-family:monospace" class="parity0">
<pre><a class="linenr" href="#l1" id="l1">     1</a> &lt;?xml version=&quot;1.0&quot; encoding=&quot;UTF-8&quot; standalone=&quot;no&quot;?&gt;&lt;Silk&gt;
</pre>
</div>
<div style="font-family:monospace" class="parity1">
<pre><a class="linenr" href="#l2" id="l2">     2</a>   &lt;Prefixes&gt;
</pre>
</div>
<div style="font-family:monospace" class="parity0">
<pre><a class="linenr" href="#l3" id="l3">     3</a>     &lt;Prefix id=&quot;rdf&quot; namespace=&quot;http://www.w3.org/1999/02/22-rdf-syntax-ns#&quot;/&gt;
</pre>
</div>
<div style="font-family:monospace" class="parity1">
<pre><a class="linenr" href="#l4" id="l4">     4</a>     &lt;Prefix id=&quot;owl&quot; namespace=&quot;http://www.w3.org/2002/07/owl#&quot;/&gt;
</pre>
</div>
<div style="font-family:monospace" class="parity0">
<pre><a class="linenr" href="#l5" id="l5">     5</a>     &lt;Prefix id=&quot;dbpedia-owl&quot; namespace=&quot;http://dbpedia.org/ontology/&quot;/&gt;
</pre>
</div>
<div style="font-family:monospace" class="parity1">
<pre><a class="linenr" href="#l6" id="l6">     6</a>     &lt;Prefix id=&quot;rdfs&quot; namespace=&quot;http://www.w3.org/2000/01/rdf-schema#&quot;/&gt;
</pre>
</div>
<div style="font-family:monospace" class="parity0">
<pre><a class="linenr" href="#l7" id="l7">     7</a>    &lt;Prefix id=&quot;bbc-wildlife&quot; namespace=&quot;http://purl.org/ontology/wo/&quot;/&gt;
</pre>
</div>
<div style="font-family:monospace" class="parity1">
<pre><a class="linenr" href="#l8" id="l8">     8</a>   &lt;/Prefixes&gt;
</pre>
</div>
<div style="font-family:monospace" class="parity0">
<pre><a class="linenr" href="#l9" id="l9">     9</a>   &lt;DataSources&gt;
</pre>
</div>
<div style="font-family:monospace" class="parity1">
<pre><a class="linenr" href="#l10" id="l10">    10</a>   &lt;DataSource id=&quot;dbpedia&quot; type=&quot;sparqlEndpoint&quot;&gt;
</pre>
</div>
<div style="font-family:monospace" class="parity0">
<pre><a class="linenr" href="#l11" id="l11">    11</a>       &lt;Param name=&quot;endpointURI&quot; value=&quot;http://live.dbpedia.org/sparql/&quot;/&gt;
</pre>
</div>
<div style="font-family:monospace" class="parity1">
<pre><a class="linenr" href="#l12" id="l12">    12</a>       &lt;Param name=&quot;retryCount&quot; value=&quot;3&quot;/&gt;
</pre>
</div>
<div style="font-family:monospace" class="parity0">
<pre><a class="linenr" href="#l13" id="l13">    13</a>       &lt;Param name=&quot;retryPause&quot; value=&quot;1000&quot;/&gt;
</pre>
</div>
<div style="font-family:monospace" class="parity1">
<pre><a class="linenr" href="#l14" id="l14">    14</a>     &lt;/DataSource&gt;
</pre>
</div>
<div style="font-family:monospace" class="parity0">
<pre><a class="linenr" href="#l15" id="l15">    15</a>     &lt;DataSource id=&quot;BBCwildlife&quot; type=&quot;sparqlEndpoint&quot;&gt;
</pre>
</div>
<div style="font-family:monospace" class="parity1">
<pre><a class="linenr" href="#l16" id="l16">    16</a>       &lt;Param name=&quot;endpointURI&quot; value=&quot;http://api.talis.com/stores/bbc-wildlife/services/sparql&quot;/&gt;
</pre>
</div>
<div style="font-family:monospace" class="parity0">
<pre><a class="linenr" href="#l17" id="l17">    17</a>       &lt;Param name=&quot;retryCount&quot; value=&quot;3&quot;/&gt;
</pre>
</div>
<div style="font-family:monospace" class="parity1">
<pre><a class="linenr" href="#l18" id="l18">    18</a>       &lt;Param name=&quot;retryPause&quot; value=&quot;1000&quot;/&gt;
</pre>
</div>
<div style="font-family:monospace" class="parity0">
<pre><a class="linenr" href="#l19" id="l19">    19</a>     &lt;/DataSource&gt;
</pre>
</div>
<div style="font-family:monospace" class="parity1">
<pre><a class="linenr" href="#l20" id="l20">    20</a>   &lt;/DataSources&gt;
</pre>
</div>
<div style="font-family:monospace" class="parity0">
<pre><a class="linenr" href="#l21" id="l21">    21</a>   &lt;Interlinks&gt;
</pre>
</div>
<div style="font-family:monospace" class="parity1">
<pre><a class="linenr" href="#l22" id="l22">    22</a>     &lt;Interlink id=&quot;BBCwildlife&quot;&gt;
</pre>
</div>
<div style="font-family:monospace" class="parity0">
<pre><a class="linenr" href="#l23" id="l23">    23</a>       &lt;LinkType&gt;owl:sameAs&lt;/LinkType&gt;
</pre>
</div>
<div style="font-family:monospace" class="parity1">
<pre><a class="linenr" href="#l24" id="l24">    24</a>       &lt;SourceDataset dataSource=&quot;dbpedia&quot; var=&quot;a&quot;&gt;
</pre>
</div>
<div style="font-family:monospace" class="parity0">
<pre><a class="linenr" href="#l25" id="l25">    25</a>         &lt;RestrictTo&gt;?a rdf:type dbpedia-owl:Species&lt;/RestrictTo&gt;
</pre>
</div>
<div style="font-family:monospace" class="parity1">
<pre><a class="linenr" href="#l26" id="l26">    26</a>       &lt;/SourceDataset&gt;
</pre>
</div>
<div style="font-family:monospace" class="parity0">
<pre><a class="linenr" href="#l27" id="l27">    27</a>       &lt;TargetDataset dataSource=&quot;BBCwildlife&quot; var=&quot;b&quot;&gt;
</pre>
</div>
<div style="font-family:monospace" class="parity1">
<pre><a class="linenr" href="#l28" id="l28">    28</a>         &lt;RestrictTo&gt;?b rdf:type bbc-wildlife:Species&lt;/RestrictTo&gt;
</pre>
</div>
<div style="font-family:monospace" class="parity0">
<pre><a class="linenr" href="#l29" id="l29">    29</a>       &lt;/TargetDataset&gt;
</pre>
</div>
<div style="font-family:monospace" class="parity1">
<pre><a class="linenr" href="#l30" id="l30">    30</a>       &lt;LinkCondition&gt;
</pre>
</div>
<div style="font-family:monospace" class="parity0">
<pre><a class="linenr" href="#l31" id="l31">    31</a>  &lt;Aggregate required=&quot;true&quot; type=&quot;max&quot; weight=&quot;1&quot;&gt;
</pre>
</div>
<div style="font-family:monospace" class="parity1">
<pre><a class="linenr" href="#l32" id="l32">    32</a>           &lt;Compare metric=&quot;jaro&quot; required=&quot;false&quot; weight=&quot;1&quot;&gt;
</pre>
</div>
<div style="font-family:monospace" class="parity0">
<pre><a class="linenr" href="#l33" id="l33">    33</a>             &lt;TransformInput function=&quot;lowerCase&quot;&gt;
</pre>
</div>
<div style="font-family:monospace" class="parity1">
<pre><a class="linenr" href="#l34" id="l34">    34</a>               &lt;Input path=&quot;?a/rdfs:label[@lang = 'en']&quot;/&gt;
</pre>
</div>
<div style="font-family:monospace" class="parity0">
<pre><a class="linenr" href="#l35" id="l35">    35</a>             &lt;/TransformInput&gt;
</pre>
</div>
<div style="font-family:monospace" class="parity1">
<pre><a class="linenr" href="#l36" id="l36">    36</a>             &lt;TransformInput function=&quot;lowerCase&quot;&gt;
</pre>
</div>
<div style="font-family:monospace" class="parity0">
<pre><a class="linenr" href="#l37" id="l37">    37</a>               &lt;Input path=&quot;?b/rdfs:label&quot;/&gt;
</pre>
</div>
<div style="font-family:monospace" class="parity1">
<pre><a class="linenr" href="#l38" id="l38">    38</a>             &lt;/TransformInput&gt;
</pre>
</div>
<div style="font-family:monospace" class="parity0">
<pre><a class="linenr" href="#l39" id="l39">    39</a>           &lt;/Compare&gt;
</pre>
</div>
<div style="font-family:monospace" class="parity1">
<pre><a class="linenr" href="#l40" id="l40">    40</a>    &lt;/Aggregate&gt;
</pre>
</div>
<div style="font-family:monospace" class="parity0">
<pre><a class="linenr" href="#l41" id="l41">    41</a> 
</pre>
</div>
<div style="font-family:monospace" class="parity1">
<pre><a class="linenr" href="#l42" id="l42">    42</a>  &lt;/LinkCondition&gt;
</pre>
</div>
<div style="font-family:monospace" class="parity0">
<pre><a class="linenr" href="#l43" id="l43">    43</a>       &lt;Filter threshold=&quot;0.90&quot;/&gt;
</pre>
</div>
<div style="font-family:monospace" class="parity1">
<pre><a class="linenr" href="#l44" id="l44">    44</a>       &lt;Outputs&gt; 
</pre>
</div>
<div style="font-family:monospace" class="parity0">
<pre><a class="linenr" href="#l45" id="l45">    45</a>   &lt;Output minConfidence=&quot;0.90&quot; type=&quot;file&quot;&gt;
</pre>
</div>
<div style="font-family:monospace" class="parity1">
<pre><a class="linenr" href="#l46" id="l46">    46</a>                     &lt;Param name=&quot;file&quot; value=&quot;BBCwildlife_links_accepted.nt&quot;/&gt;
</pre>
</div>
<div style="font-family:monospace" class="parity0">
<pre><a class="linenr" href="#l47" id="l47">    47</a>                     &lt;Param name=&quot;format&quot; value=&quot;ntriples&quot;/&gt;
</pre>
</div>
<div style="font-family:monospace" class="parity1">
<pre><a class="linenr" href="#l48" id="l48">    48</a>                 &lt;/Output&gt;
</pre>
</div>
<div style="font-family:monospace" class="parity0">
<pre><a class="linenr" href="#l49" id="l49">    49</a>                 &lt;Output maxConfidence=&quot;0.95&quot; type=&quot;file&quot;&gt;
</pre>
</div>
<div style="font-family:monospace" class="parity1">
<pre><a class="linenr" href="#l50" id="l50">    50</a>                     &lt;Param name=&quot;file&quot; value=&quot;BBCwildlife_links_verify.nt&quot;/&gt;
</pre>
</div>
<div style="font-family:monospace" class="parity0">
<pre><a class="linenr" href="#l51" id="l51">    51</a>                     &lt;Param name=&quot;format&quot; value=&quot;alignment&quot;/&gt;
</pre>
</div>
<div style="font-family:monospace" class="parity1">
<pre><a class="linenr" href="#l52" id="l52">    52</a>                 &lt;/Output&gt;
</pre>
</div>
<div style="font-family:monospace" class="parity0">
<pre><a class="linenr" href="#l53" id="l53">    53</a> &lt;/Outputs&gt;
</pre>
</div>
<div style="font-family:monospace" class="parity1">
<pre><a class="linenr" href="#l54" id="l54">    54</a>     &lt;/Interlink&gt;
</pre>
</div>
<div style="font-family:monospace" class="parity0">
<pre><a class="linenr" href="#l55" id="l55">    55</a>   &lt;/Interlinks&gt;
</pre>
</div>
<div style="font-family:monospace" class="parity1">
<pre><a class="linenr" href="#l56" id="l56">    56</a> &lt;/Silk&gt;</pre>
</div>
</div>

<div class="page_footer">
<div class="page_footer_text">latc/latc</div>
<div class="rss_logo">
<a href="/hgweb/latc/latc/rss-log">RSS</a>
<a href="/hgweb/latc/latc/atom-log">Atom</a>
</div>
<br />

</div>

<hr />
 <div id="ft">
    <div class="yui-g divider">
       <div class="yui-u first copyright">
          &copy;Copyright 1999-2009 - 
          <a href="http://sourceforge.com" title="Network which provides and promotes Open Source software downloads, development,
 discussion and news.">SourceForge</a>, Inc., All Rights Reserved 
       </div>
       <div class="yui-u">
          <a href="http://sourceforge.net/community/forum/forum.php?id=12">Feedback</a>
          <a href="http://sourceforge.net/tos/tos.php">Legal</a> <a href="http://sourceforge.net/support">Help</a>
       </div>
    </div>
 </div>
                
<script type="text/javascript">
var pageTracker = _gat._getTracker("UA-32013-37");
pageTracker._setDomainName(".sourceforge.net");
pageTracker._trackPageview();
</script>

</body>
</html>

