<?xml version="1.0" encoding="UTF-8"?>
<!--Sample XML file generated by XMLSpy v2010 rel. 3 sp1 (http://www.altova.com)-->
<!DOCTYPE LIMES SYSTEM "limes.dtd">
<LIMES>
	<PREFIX>
		<NAMESPACE>http://dbpedia.org/ontology/</NAMESPACE>
		<LABEL>dbpedia-o</LABEL>
	</PREFIX>
	<PREFIX>
		<NAMESPACE>http://dbpedia.org/property/</NAMESPACE>
		<LABEL>dbpedia-p</LABEL>
	</PREFIX>
		<PREFIX>
		<NAMESPACE>http://dbpedia.org/resource/Category/</NAMESPACE>
		<LABEL>dbpedia-r</LABEL>
	</PREFIX>
	<PREFIX>
		<NAMESPACE>http://www.w3.org/1999/02/22-rdf-syntax-ns#</NAMESPACE>
		<LABEL>rdf</LABEL>
	</PREFIX>
	<PREFIX>
		<NAMESPACE>http://www.w3.org/2000/01/rdf-schema#</NAMESPACE>
		<LABEL>rdfs</LABEL>
	</PREFIX>	
	<PREFIX>
		<NAMESPACE>http://www.w3.org/2002/07/owl#</NAMESPACE>
		<LABEL>owl</LABEL>
	</PREFIX>		
	<PREFIX>
		<NAMESPACE>http://purl.org/dc/terms</NAMESPACE>
		<LABEL>dc-terms</LABEL>
	</PREFIX>		
	<PREFIX>
			<NAMESPACE>http://www4.wiwiss.fu-berlin.de/dailymed/resource/dailymed/</NAMESPACE>
			<LABEL>dailymed</LABEL>
	</PREFIX>
		<PREFIX>
				<NAMESPACE>http://www4.wiwiss.fu-berlin.de/drugbank/resource/drugbank/</NAMESPACE>
				<LABEL>drugbank</LABEL>
		</PREFIX>

	<SOURCE>
		<ID>dailymed</ID>
		<ENDPOINT>http://lgd.aksw.org:5678/sparql</ENDPOINT>
		<GRAPH>http://www.instancematching.org/oaei/di/dailymed/</GRAPH>
		<VAR>?x</VAR>
		<PAGESIZE>1000</PAGESIZE>
		<RESTRICTION>?x rdf:type dailymed:drugs</RESTRICTION>		
		<PROPERTY>dailymed:inactiveIngredient/rdfs:label AS lowercase</PROPERTY>
	</SOURCE>
	<TARGET>
		<ID>drugbank</ID>
		<ENDPOINT>http://lgd.aksw.org:5678/sparql</ENDPOINT>
		<GRAPH>http://www.instancematching.org/oaei/di/drugbank/</GRAPH>		
		<VAR>?y</VAR>
		<PAGESIZE>1000</PAGESIZE>
		<RESTRICTION>?y rdf:type drugbank:drugs</RESTRICTION>		
		<PROPERTY>rdfs:label AS lowercase</PROPERTY>
	</TARGET>
	<METRIC>trigrams(x.dailymed:inactiveIngredient/rdfs:label, y.rdfs:label)</METRIC>	
	<ACCEPTANCE>
		<THRESHOLD>0.9</THRESHOLD>
		<FILE>examples/latc/finals/drugbank-dailymed-inactiveIngredients.ttl</FILE>
		<RELATION>dailymed:inactiveIngredient</RELATION>
	</ACCEPTANCE>
	<REVIEW>
		<THRESHOLD>0.9</THRESHOLD>
		<FILE>examples/latc/finals/drugbank-dailymed.toReview.ttl</FILE>
		<RELATION>dailymed:activeIngredient</RELATION>
	</REVIEW>
		<EXECUTION>Simple</EXECUTION>
		<GRANULARITY>16</GRANULARITY>
	<OUTPUT>N3</OUTPUT>	
</LIMES>
